{
	"NAME" : "12406",
	"POINT1" : 
	[
		2016.954345703125,
		1645.0
	],
	"POINT2" : 
	[
		2580.28759765625,
		1645.0
	],
	"POSITION" : 
	[
		2016.954345703125,
		1645.0
	],
	"TYPE" : 13
}