{
	"NAME" : "1374",
	"POINT1" : 
	[
		2985.36474609375,
		2185.0
	],
	"POINT2" : 
	[
		3552.03125,
		2185.0
	],
	"POSITION" : 
	[
		2985.36474609375,
		2185.0
	],
	"TYPE" : 13
}