{
	"NAME" : "17305",
	"POINT1" : 
	[
		2048.698974609375,
		565.0
	],
	"POINT2" : 
	[
		1275.3658447265625,
		565.0
	],
	"POSITION" : 
	[
		2048.698974609375,
		565.0
	],
	"TYPE" : 13
}