{
	"MOVABLE" : 
	[
		1163.425048828125,
		3060.091064453125,
		600.0,
		1.0
	],
	"NAME" : "1889",
	"POSITION" : 
	[
		1163.425048828125,
		0.0
	],
	"TIME" : 15.0,
	"TYPE" : 10
}