{
	"NAME" : "19739",
	"POINT1" : 
	[
		5358.697265625,
		1645.0
	],
	"POINT2" : 
	[
		6135.36376953125,
		1645.0
	],
	"POSITION" : 
	[
		5358.697265625,
		1645.0
	],
	"TYPE" : 13
}