{
	"MOVABLE" : 
	[
		550.7322998046875,
		1267.398681640625,
		200.0,
		1.0
	],
	"NAME" : "20291",
	"POSITION" : 
	[
		550.7322998046875,
		1620.0
	],
	"TIME" : 1.0,
	"TYPE" : 10
}