{
	"NAME" : "32332",
	"POINT1" : 
	[
		8055.3662109375,
		25.0
	],
	"POINT2" : 
	[
		7962.033203125,
		25.0
	],
	"POSITION" : 
	[
		8055.3662109375,
		25.0
	],
	"TYPE" : 13
}