{
	"MOVABLE" : 
	[
		1362.17529296875,
		0.0,
		0.0,
		0.0
	],
	"NAME" : "32674",
	"POSITION" : 
	[
		5545.251953125,
		1080.0
	],
	"TIME" : 1.0,
	"TYPE" : 10
}