{
	"NAME" : "35931",
	"POINT1" : 
	[
		1385.3656005859375,
		1105.0
	],
	"POINT2" : 
	[
		2365.365234375,
		1105.0
	],
	"POSITION" : 
	[
		1385.3656005859375,
		1105.0
	],
	"TYPE" : 13
}