{
	"NAME" : "41081",
	"POINT1" : 
	[
		7888.69970703125,
		25.0
	],
	"POINT2" : 
	[
		7798.7001953125,
		25.0
	],
	"POSITION" : 
	[
		7888.69970703125,
		25.0
	],
	"TYPE" : 13
}