{
	"NAME" : "42890",
	"POINT1" : 
	[
		725.3660888671875,
		565.0
	],
	"POINT2" : 
	[
		2005.36572265625,
		565.0
	],
	"POSITION" : 
	[
		725.3660888671875,
		565.0
	],
	"TYPE" : 13
}