{
	"NAME" : "43619",
	"POINT1" : 
	[
		2268.698974609375,
		565.0
	],
	"POINT2" : 
	[
		2132.0322265625,
		565.0
	],
	"POSITION" : 
	[
		2268.698974609375,
		565.0
	],
	"TYPE" : 13
}