{
	"NAME" : "43851",
	"POINT1" : 
	[
		8465.3662109375,
		25.0
	],
	"POINT2" : 
	[
		8218.69921875,
		25.0
	],
	"POSITION" : 
	[
		8465.3662109375,
		25.0
	],
	"TYPE" : 13
}