{
	"NAME" : "47256",
	"POINT1" : 
	[
		342.0328369140625,
		565.0
	],
	"POINT2" : 
	[
		2098.698974609375,
		565.0
	],
	"POSITION" : 
	[
		342.0328369140625,
		565.0
	],
	"TYPE" : 13
}