{
	"MOVABLE" : 
	[
		5296.20849609375,
		5846.2080078125,
		600.0,
		1.0
	],
	"NAME" : "4918",
	"POSITION" : 
	[
		5296.20849609375,
		1080.0
	],
	"TIME" : 12.0,
	"TYPE" : 10
}