{
	"NAME" : "53672",
	"POINT1" : 
	[
		2925.364990234375,
		565.0
	],
	"POINT2" : 
	[
		3445.364990234375,
		565.0
	],
	"POSITION" : 
	[
		2925.364990234375,
		565.0
	],
	"TYPE" : 12
}