{
	"NAME" : "53883",
	"POINT1" : 
	[
		5332.033203125,
		565.0
	],
	"POINT2" : 
	[
		4412.033203125,
		565.0
	],
	"POSITION" : 
	[
		5332.033203125,
		565.0
	],
	"TYPE" : 13
}