{
	"MOVABLE" : 
	[
		6478.8408203125,
		1645.0,
		0.0,
		0.0
	],
	"NAME" : "56023",
	"POSITION" : 
	[
		2578.841552734375,
		0.0
	],
	"TIME" : 2.0,
	"TYPE" : 10
}