{
	"NAME" : "60191",
	"POINT1" : 
	[
		2538.698486328125,
		1105.0
	],
	"POINT2" : 
	[
		2198.69873046875,
		1105.0
	],
	"POSITION" : 
	[
		2538.698486328125,
		1105.0
	],
	"TYPE" : 13
}