{
	"MOVABLE" : 
	[
		5296.20849609375,
		1080.0,
		0.0,
		0.0
	],
	"NAME" : "60969",
	"POSITION" : 
	[
		5299.65283203125,
		1080.0
	],
	"TIME" : 3.0,
	"TYPE" : 10
}