{
	"NAME" : "63679",
	"POINT1" : 
	[
		8345.3662109375,
		25.0
	],
	"POINT2" : 
	[
		7945.3662109375,
		25.0
	],
	"POSITION" : 
	[
		8345.3662109375,
		25.0
	],
	"TYPE" : 13
}