{
	"NAME" : "63792",
	"POINT1" : 
	[
		4528.7001953125,
		565.0
	],
	"POINT2" : 
	[
		5015.36669921875,
		565.0
	],
	"POSITION" : 
	[
		4528.7001953125,
		565.0
	],
	"TYPE" : 13
}