{
	"NAME" : "64806",
	"POINT1" : 
	[
		575.3660888671875,
		565.0
	],
	"POINT2" : 
	[
		1105.365966796875,
		565.0
	],
	"POSITION" : 
	[
		575.3660888671875,
		565.0
	],
	"TYPE" : 13
}