{
	"NAME" : "67373",
	"POINT1" : 
	[
		5984.0751953125,
		1645.0
	],
	"POINT2" : 
	[
		5557.408203125,
		1645.0
	],
	"POSITION" : 
	[
		5984.0751953125,
		1645.0
	],
	"TYPE" : 13
}