{
	"NAME" : "68871",
	"POINT1" : 
	[
		3335.36474609375,
		2185.0
	],
	"POINT2" : 
	[
		2795.36474609375,
		2185.0
	],
	"POSITION" : 
	[
		3335.36474609375,
		2185.0
	],
	"TYPE" : 13
}