{
	"MOVABLE" : 
	[
		5296.20849609375,
		1080.0,
		0.0,
		0.0
	],
	"NAME" : "70719",
	"POSITION" : 
	[
		1156.75830078125,
		0.0
	],
	"TIME" : 3.0,
	"TYPE" : 10
}