{
	"NAME" : "72932",
	"POSITION" : 
	[
		3935.508056640625,
		0.0
	],
	"TYPE" : 3,
	"XSIZE" : 1696.665771484375
}