{
	"NAME" : "74437",
	"POINT1" : 
	[
		7855.3662109375,
		25.0
	],
	"POINT2" : 
	[
		8432.033203125,
		25.0
	],
	"POSITION" : 
	[
		7855.3662109375,
		25.0
	],
	"TYPE" : 13
}