{
	"NAME" : "79862",
	"POINT1" : 
	[
		8142.033203125,
		25.0
	],
	"POINT2" : 
	[
		8058.69970703125,
		25.0
	],
	"POSITION" : 
	[
		8142.033203125,
		25.0
	],
	"TYPE" : 13
}