{
	"MOVABLE" : 
	[
		6478.8408203125,
		1645.0,
		0.0,
		0.0
	],
	"NAME" : "8361",
	"POSITION" : 
	[
		3478.84130859375,
		0.0
	],
	"TIME" : 2.0,
	"TYPE" : 10
}