{
	"NAME" : "83935",
	"POSITION" : 
	[
		4205.5078125,
		3.0
	],
	"TYPE" : 3,
	"XSIZE" : 2273.3330078125
}