{
	"NAME" : "867",
	"POINT1" : 
	[
		5292.0322265625,
		1105.0
	],
	"POINT2" : 
	[
		5425.3662109375,
		1105.0
	],
	"POSITION" : 
	[
		5292.0322265625,
		1105.0
	],
	"TYPE" : 13
}