{
	"NAME" : "89147",
	"POINT1" : 
	[
		1718.698974609375,
		565.0
	],
	"POINT2" : 
	[
		1172.0325927734375,
		565.0
	],
	"POSITION" : 
	[
		1718.698974609375,
		565.0
	],
	"TYPE" : 13
}