{
	"MOVABLE" : 
	[
		1362.17529296875,
		0.0,
		0.0,
		0.0
	],
	"NAME" : "92777",
	"POSITION" : 
	[
		5845.2529296875,
		1080.0
	],
	"TIME" : 1.0,
	"TYPE" : 10
}