{
	"NAME" : "92835",
	"POINT1" : 
	[
		1648.6988525390625,
		1105.0
	],
	"POINT2" : 
	[
		2598.698486328125,
		1105.0
	],
	"POSITION" : 
	[
		1648.6988525390625,
		1105.0
	],
	"TYPE" : 13
}