{
	"NAME" : "12998",
	"POINT1" : 
	[
		2105.847900390625,
		25.0
	],
	"POINT2" : 
	[
		3085.01416015625,
		25.0
	],
	"POSITION" : 
	[
		2105.847900390625,
		25.0
	],
	"TYPE" : 13
}