{
	"NAME" : "15696",
	"POINT1" : 
	[
		2411.330322265625,
		565.0
	],
	"POINT2" : 
	[
		3225.275146484375,
		565.0
	],
	"POSITION" : 
	[
		2411.330322265625,
		565.0
	],
	"TYPE" : 13
}