{
	"NAME" : "19183",
	"POINT1" : 
	[
		2223.347900390625,
		25.0
	],
	"POINT2" : 
	[
		3299.125244140625,
		25.0
	],
	"POSITION" : 
	[
		2223.347900390625,
		25.0
	],
	"TYPE" : 13
}