{
	"NAME" : "19532",
	"POINT1" : 
	[
		3259.95849609375,
		25.0
	],
	"POINT2" : 
	[
		2142.4033203125,
		25.0
	],
	"POSITION" : 
	[
		3259.95849609375,
		25.0
	],
	"TYPE" : 13
}