{
	"NAME" : "44257",
	"POINT1" : 
	[
		2983.180908203125,
		25.0
	],
	"POINT2" : 
	[
		2314.73681640625,
		25.0
	],
	"POSITION" : 
	[
		2983.180908203125,
		25.0
	],
	"TYPE" : 13
}