{
	"NAME" : "51249",
	"POSITION" : 
	[
		1902.242919921875,
		0.0
	],
	"TYPE" : 3,
	"XSIZE" : 2812.168212890625
}