{
	"NAME" : "58906",
	"POINT1" : 
	[
		3032.33056640625,
		565.0
	],
	"POINT2" : 
	[
		2594.052734375,
		565.0
	],
	"POSITION" : 
	[
		3032.33056640625,
		565.0
	],
	"TYPE" : 13
}