{
	"NAME" : "5975",
	"POINT1" : 
	[
		2528.885986328125,
		565.0
	],
	"POINT2" : 
	[
		3054.052734375,
		565.0
	],
	"POSITION" : 
	[
		2528.885986328125,
		565.0
	],
	"TYPE" : 13
}