{
	"NAME" : "70615",
	"POINT1" : 
	[
		3225.275146484375,
		565.0
	],
	"POINT2" : 
	[
		2447.108154296875,
		565.0
	],
	"POSITION" : 
	[
		3225.275146484375,
		565.0
	],
	"TYPE" : 13
}