{
	"NAME" : "7773",
	"POINT1" : 
	[
		1993.5701904296875,
		25.0
	],
	"POINT2" : 
	[
		3173.7919921875,
		25.0
	],
	"POSITION" : 
	[
		1993.5701904296875,
		25.0
	],
	"TYPE" : 13
}