{
	"NAME" : "87601",
	"POINT1" : 
	[
		3530.6640625,
		565.0
	],
	"POINT2" : 
	[
		2831.719482421875,
		565.0
	],
	"POSITION" : 
	[
		3530.6640625,
		565.0
	],
	"TYPE" : 13
}