{
	"NAME" : "11036",
	"POINT1" : 
	[
		1078.4287109375,
		565.0
	],
	"POINT2" : 
	[
		2644.4287109375,
		565.0
	],
	"POSITION" : 
	[
		1078.4287109375,
		565.0
	],
	"TYPE" : 13
}