{
	"NAME" : "1234",
	"POSITION" : 
	[
		2417.91015625,
		2.0
	],
	"TYPE" : 3,
	"XSIZE" : 843.333251953125
}