{
	"NAME" : "12345",
	"POSITION" : 
	[
		485.343017578125,
		6.0
	],
	"TYPE" : 3,
	"XSIZE" : 3746.665283203125
}