{
	"NAME" : "17430",
	"POINT1" : 
	[
		2322.12060546875,
		25.0
	],
	"POINT2" : 
	[
		3982.120849609375,
		25.0
	],
	"POSITION" : 
	[
		2322.12060546875,
		25.0
	],
	"TYPE" : 13
}