{
	"NAME" : "29968",
	"POINT1" : 
	[
		4332.12060546875,
		25.0
	],
	"POINT2" : 
	[
		3148.787353515625,
		25.0
	],
	"POSITION" : 
	[
		4332.12060546875,
		25.0
	],
	"TYPE" : 13
}