{
	"NAME" : "33604",
	"POINT1" : 
	[
		1580.3997802734375,
		3265.0
	],
	"POINT2" : 
	[
		3203.733154296875,
		3265.0
	],
	"POSITION" : 
	[
		1580.3997802734375,
		3265.0
	],
	"TYPE" : 13
}