{
	"NAME" : "37388",
	"POINT1" : 
	[
		2280.39990234375,
		3265.0
	],
	"POINT2" : 
	[
		2790.39990234375,
		3265.0
	],
	"POSITION" : 
	[
		2280.39990234375,
		3265.0
	],
	"TYPE" : 13
}