{
	"NAME" : "40426",
	"POINT1" : 
	[
		1720.987060546875,
		1105.0
	],
	"POINT2" : 
	[
		2714.287109375,
		1105.0
	],
	"POSITION" : 
	[
		1720.987060546875,
		1105.0
	],
	"TYPE" : 12
}