{
	"NAME" : "54014",
	"POINT1" : 
	[
		138.84539794921875,
		2725.0
	],
	"POINT2" : 
	[
		2238.845458984375,
		2725.0
	],
	"POSITION" : 
	[
		138.84539794921875,
		2725.0
	],
	"TYPE" : 13
}