{
	"NAME" : "58098",
	"POINT1" : 
	[
		2341.4287109375,
		565.0
	],
	"POINT2" : 
	[
		1336.4287109375,
		565.0
	],
	"POSITION" : 
	[
		2341.4287109375,
		565.0
	],
	"TYPE" : 12
}