{
	"NAME" : "58671",
	"POINT1" : 
	[
		529.4287109375,
		565.0
	],
	"POINT2" : 
	[
		1639.4287109375,
		565.0
	],
	"POSITION" : 
	[
		529.4287109375,
		565.0
	],
	"TYPE" : 13
}