{
	"NAME" : "63998",
	"POINT1" : 
	[
		113.598388671875,
		2725.0
	],
	"POINT2" : 
	[
		2760.26513671875,
		2725.0
	],
	"POSITION" : 
	[
		113.598388671875,
		2725.0
	],
	"TYPE" : 12
}