{
	"NAME" : "64134",
	"POINT1" : 
	[
		2080.4287109375,
		565.0
	],
	"POINT2" : 
	[
		2833.4287109375,
		565.0
	],
	"POSITION" : 
	[
		2080.4287109375,
		565.0
	],
	"TYPE" : 13
}