{
	"NAME" : "78524",
	"POINT1" : 
	[
		2672.120849609375,
		25.0
	],
	"POINT2" : 
	[
		4185.4541015625,
		25.0
	],
	"POSITION" : 
	[
		2672.120849609375,
		25.0
	],
	"TYPE" : 13
}