{
	"NAME" : "80794",
	"POINT1" : 
	[
		3707.100830078125,
		2185.0
	],
	"POINT2" : 
	[
		2199.90283203125,
		2185.0
	],
	"POSITION" : 
	[
		3707.100830078125,
		2185.0
	],
	"TYPE" : 13
}