{
	"NAME" : "85383",
	"POINT1" : 
	[
		1200.3997802734375,
		3265.0
	],
	"POINT2" : 
	[
		2703.733154296875,
		3265.0
	],
	"POSITION" : 
	[
		1200.3997802734375,
		3265.0
	],
	"TYPE" : 13
}