{
	"NAME" : "88780",
	"POINT1" : 
	[
		3461.708984375,
		1645.0
	],
	"POINT2" : 
	[
		4259.96435546875,
		1645.0
	],
	"POSITION" : 
	[
		3461.708984375,
		1645.0
	],
	"TYPE" : 13
}