{
	"MOVABLE" : 
	[
		3158.787353515625,
		4502.12060546875,
		425.0,
		1.0
	],
	"NAME" : "94890",
	"POSITION" : 
	[
		3158.787353515625,
		1105.0
	],
	"TIME" : 3.0,
	"TYPE" : 10
}