{
	"MOVABLE" : 
	[
		3158.787353515625,
		1105.0,
		425.0,
		0.0
	],
	"NAME" : "96597",
	"POSITION" : 
	[
		3555.4541015625,
		1105.0
	],
	"TIME" : 4.0,
	"TYPE" : 10
}