{
	"NAME" : "97143",
	"POINT1" : 
	[
		3087.066650390625,
		3265.0
	],
	"POINT2" : 
	[
		1527.06640625,
		3265.0
	],
	"POSITION" : 
	[
		3087.066650390625,
		3265.0
	],
	"TYPE" : 13
}