{
	"MOVABLE" : 
	[
		469.28070068359375,
		565.0,
		425.0,
		0.0
	],
	"NAME" : "99905",
	"POSITION" : 
	[
		2624.376220703125,
		1645.0
	],
	"TIME" : 3.5,
	"TYPE" : 10
}