{
	"NAME" : "17396",
	"POINT1" : 
	[
		1282.337890625,
		25.0
	],
	"POINT2" : 
	[
		2706.75,
		25.0
	],
	"POSITION" : 
	[
		1282.337890625,
		25.0
	],
	"TYPE" : 13
}