{
	"NAME" : "38327",
	"POINT1" : 
	[
		3342.35986328125,
		25.0
	],
	"POINT2" : 
	[
		4642.3603515625,
		25.0
	],
	"POSITION" : 
	[
		3342.35986328125,
		25.0
	],
	"TYPE" : 13
}