{
	"NAME" : "49630",
	"POINT1" : 
	[
		2683.880859375,
		25.0
	],
	"POINT2" : 
	[
		1370.546875,
		25.0
	],
	"POSITION" : 
	[
		2683.880859375,
		25.0
	],
	"TYPE" : 13
}