{
	"NAME" : "50373",
	"POINT1" : 
	[
		2373.997802734375,
		1105.0
	],
	"POINT2" : 
	[
		2380.66455078125,
		565.0
	],
	"POSITION" : 
	[
		2373.997802734375,
		1105.0
	],
	"TYPE" : 13
}