{
	"NAME" : "65180",
	"POINT1" : 
	[
		3474.6669921875,
		1105.0
	],
	"POINT2" : 
	[
		4411.33349609375,
		1105.0
	],
	"POSITION" : 
	[
		3474.6669921875,
		1105.0
	],
	"TYPE" : 13
}