{
	"NAME" : "65346",
	"POINT1" : 
	[
		1167.992919921875,
		25.0
	],
	"POINT2" : 
	[
		2536.865966796875,
		25.0
	],
	"POSITION" : 
	[
		1167.992919921875,
		25.0
	],
	"TYPE" : 13
}