{
	"NAME" : "68800",
	"POINT1" : 
	[
		2519.999755859375,
		25.0
	],
	"POINT2" : 
	[
		1526.666259765625,
		25.0
	],
	"POSITION" : 
	[
		2519.999755859375,
		25.0
	],
	"TYPE" : 13
}