{
	"NAME" : "73844",
	"POINT1" : 
	[
		203.997802734375,
		565.0
	],
	"POINT2" : 
	[
		1400.66455078125,
		565.0
	],
	"POSITION" : 
	[
		203.997802734375,
		565.0
	],
	"TYPE" : 13
}