{
	"NAME" : "81665",
	"POINT1" : 
	[
		3788.000244140625,
		1105.0
	],
	"POINT2" : 
	[
		4438.0,
		1105.0
	],
	"POSITION" : 
	[
		3788.000244140625,
		1105.0
	],
	"TYPE" : 13
}