{
	"NAME" : "97743",
	"POINT1" : 
	[
		3201.33349609375,
		1105.0
	],
	"POINT2" : 
	[
		4328.0,
		1105.0
	],
	"POSITION" : 
	[
		3201.33349609375,
		1105.0
	],
	"TYPE" : 13
}