{
	"NAME" : "23190",
	"POINT1" : 
	[
		2205.059326171875,
		565.0
	],
	"POINT2" : 
	[
		3610.859375,
		565.0
	],
	"POSITION" : 
	[
		2205.059326171875,
		565.0
	],
	"TYPE" : 13
}