{
	"MOVABLE" : 
	[
		3175.6591796875,
		4332.326171875,
		7.0,
		1.0
	],
	"NAME" : "26371",
	"POSITION" : 
	[
		3175.6591796875,
		25.0
	],
	"TIME" : 2.0,
	"TYPE" : 10
}