{
	"MOVABLE" : 
	[
		5044.1923828125,
		5047.5263671875,
		4.0,
		1.0
	],
	"NAME" : "29599",
	"POSITION" : 
	[
		5044.1923828125,
		565.0
	],
	"TIME" : 1.0,
	"TYPE" : 10
}