{
	"NAME" : "33409",
	"POINT1" : 
	[
		2487.1923828125,
		1645.0
	],
	"POINT2" : 
	[
		3927.192626953125,
		1645.0
	],
	"POSITION" : 
	[
		2487.1923828125,
		1645.0
	],
	"TYPE" : 13
}