{
	"NAME" : "41469",
	"POINT1" : 
	[
		1668.992431640625,
		25.0
	],
	"POINT2" : 
	[
		368.992431640625,
		25.0
	],
	"POSITION" : 
	[
		1668.992431640625,
		25.0
	],
	"TYPE" : 13
}