{
	"MOVABLE" : 
	[
		4432.326171875,
		25.0,
		7.0,
		0.0
	],
	"NAME" : "50456",
	"POSITION" : 
	[
		3938.99267578125,
		25.0
	],
	"TIME" : 2.0,
	"TYPE" : 10
}