{
	"MOVABLE" : 
	[
		5390.859375,
		1105.0,
		7.0,
		0.0
	],
	"NAME" : "59692",
	"POSITION" : 
	[
		4674.1923828125,
		565.0
	],
	"TIME" : 1.0,
	"TYPE" : 10
}