{
	"NAME" : "62163",
	"POINT1" : 
	[
		4513.859375,
		1105.0
	],
	"POINT2" : 
	[
		5190.5263671875,
		1105.0
	],
	"POSITION" : 
	[
		4513.859375,
		1105.0
	],
	"TYPE" : 12
}