{
	"MOVABLE" : 
	[
		4447.2646484375,
		5230.59814453125,
		115.0,
		1.0
	],
	"NAME" : "64179",
	"POSITION" : 
	[
		4447.2646484375,
		565.0
	],
	"TIME" : 4.0,
	"TYPE" : 10
}