{
	"NAME" : "66621",
	"POINT1" : 
	[
		793.154296875,
		1645.0
	],
	"POINT2" : 
	[
		766.487548828125,
		1105.0
	],
	"POSITION" : 
	[
		793.154296875,
		1645.0
	],
	"TYPE" : 13
}