{
	"NAME" : "66657",
	"POINT1" : 
	[
		1173.5638427734375,
		1105.0
	],
	"POINT2" : 
	[
		2350.230712890625,
		1105.0
	],
	"POSITION" : 
	[
		1173.5638427734375,
		1105.0
	],
	"TYPE" : 12
}