{
	"NAME" : "69729",
	"POINT1" : 
	[
		2147.1923828125,
		1645.0
	],
	"POINT2" : 
	[
		3620.52587890625,
		1645.0
	],
	"POSITION" : 
	[
		2147.1923828125,
		1645.0
	],
	"TYPE" : 13
}