{
	"NAME" : "74003",
	"POINT1" : 
	[
		566.89715576171875,
		1105.0
	],
	"POINT2" : 
	[
		2370.230712890625,
		1105.0
	],
	"POSITION" : 
	[
		566.89715576171875,
		1105.0
	],
	"TYPE" : 13
}