{
	"MOVABLE" : 
	[
		1059.190185546875,
		1775.85693359375,
		325.0,
		1.0
	],
	"NAME" : "76302",
	"POSITION" : 
	[
		1059.190185546875,
		2185.0
	],
	"TIME" : 4.0,
	"TYPE" : 10
}