{
	"NAME" : "84494",
	"POINT1" : 
	[
		192.32574462890625,
		25.0
	],
	"POINT2" : 
	[
		1205.6590576171875,
		25.0
	],
	"POSITION" : 
	[
		192.32574462890625,
		25.0
	],
	"TYPE" : 13
}