{
	"NAME" : "91213",
	"POSITION" : 
	[
		2120.85888671875,
		2.0
	],
	"TYPE" : 3,
	"XSIZE" : 1550.000244140625
}