{
	"NAME" : "96402",
	"POINT1" : 
	[
		1267.8592529296875,
		565.0
	],
	"POINT2" : 
	[
		2660.459228515625,
		565.0
	],
	"POSITION" : 
	[
		1267.8592529296875,
		565.0
	],
	"TYPE" : 13
}