{
	"NAME" : "9719",
	"POINT1" : 
	[
		4643.859375,
		1645.0
	],
	"POINT2" : 
	[
		3463.859375,
		1645.0
	],
	"POSITION" : 
	[
		4643.859375,
		1645.0
	],
	"TYPE" : 13
}