{
	"NAME" : "99348",
	"POINT1" : 
	[
		1663.8592529296875,
		565.0
	],
	"POINT2" : 
	[
		3591.059326171875,
		565.0
	],
	"POSITION" : 
	[
		1663.8592529296875,
		565.0
	],
	"TYPE" : 13
}