{
	"NAME" : "9999",
	"POSITION" : 
	[
		1182.9556884765625,
		3.0
	],
	"TYPE" : 3,
	"XSIZE" : 1473.3333740234375
}