{
	"NAME" : "15695",
	"POSITION" : 
	[
		209.14895629882812,
		3.0
	],
	"TYPE" : 3,
	"XSIZE" : 1596.666259765625
}