{
	"NAME" : "20091",
	"POINT1" : 
	[
		2797.70556640625,
		1645.0
	],
	"POINT2" : 
	[
		1157.7061767578125,
		1645.0
	],
	"POSITION" : 
	[
		2797.70556640625,
		1645.0
	],
	"TYPE" : 13
}