{
	"NAME" : "34806",
	"POINT1" : 
	[
		1277.7060546875,
		1645.0
	],
	"POINT2" : 
	[
		3257.70556640625,
		1645.0
	],
	"POSITION" : 
	[
		1277.7060546875,
		1645.0
	],
	"TYPE" : 13
}