{
	"NAME" : "39236",
	"POINT1" : 
	[
		1374.3726806640625,
		1645.0
	],
	"POINT2" : 
	[
		2607.70556640625,
		1645.0
	],
	"POSITION" : 
	[
		1374.3726806640625,
		1645.0
	],
	"TYPE" : 12
}