{
	"NAME" : "42259",
	"POINT1" : 
	[
		4589.1474609375,
		25.0
	],
	"POINT2" : 
	[
		3655.814453125,
		25.0
	],
	"POSITION" : 
	[
		4589.1474609375,
		25.0
	],
	"TYPE" : 12
}