{
	"NAME" : "43193",
	"POINT1" : 
	[
		1195.0213623046875,
		1105.0
	],
	"POINT2" : 
	[
		2701.6875,
		1105.0
	],
	"POSITION" : 
	[
		1195.0213623046875,
		1105.0
	],
	"TYPE" : 13
}