{
	"NAME" : "46396",
	"POINT1" : 
	[
		2139.1484375,
		565.0
	],
	"POINT2" : 
	[
		175.81561279296875,
		565.0
	],
	"POSITION" : 
	[
		2139.1484375,
		565.0
	],
	"TYPE" : 13
}