{
	"NAME" : "58099",
	"POINT1" : 
	[
		3585.020751953125,
		1105.0
	],
	"POINT2" : 
	[
		2438.354248046875,
		1105.0
	],
	"POSITION" : 
	[
		3585.020751953125,
		1105.0
	],
	"TYPE" : 13
}