{
	"NAME" : "66100",
	"POINT1" : 
	[
		3135.814697265625,
		565.0
	],
	"POINT2" : 
	[
		1449.1485595703125,
		565.0
	],
	"POSITION" : 
	[
		3135.814697265625,
		565.0
	],
	"TYPE" : 13
}