{
	"NAME" : "73625",
	"POINT1" : 
	[
		1308.3546142578125,
		1105.0
	],
	"POINT2" : 
	[
		2981.6875,
		1105.0
	],
	"POSITION" : 
	[
		1308.3546142578125,
		1105.0
	],
	"TYPE" : 13
}