{
	"NAME" : "79487",
	"POINT1" : 
	[
		2131.687744140625,
		1105.0
	],
	"POINT2" : 
	[
		3468.35400390625,
		1105.0
	],
	"POSITION" : 
	[
		2131.687744140625,
		1105.0
	],
	"TYPE" : 13
}