{
	"NAME" : "91169",
	"POINT1" : 
	[
		1489.1485595703125,
		25.0
	],
	"POINT2" : 
	[
		3299.14794921875,
		25.0
	],
	"POSITION" : 
	[
		1489.1485595703125,
		25.0
	],
	"TYPE" : 13
}