{
	"NAME" : "92377",
	"POINT1" : 
	[
		2485.81494140625,
		25.0
	],
	"POINT2" : 
	[
		4395.814453125,
		25.0
	],
	"POSITION" : 
	[
		2485.81494140625,
		25.0
	],
	"TYPE" : 13
}