{
	"NAME" : "97568",
	"POINT1" : 
	[
		2482.4814453125,
		25.0
	],
	"POINT2" : 
	[
		3459.14794921875,
		25.0
	],
	"POSITION" : 
	[
		2482.4814453125,
		25.0
	],
	"TYPE" : 12
}