{
	"NAME" : "99889",
	"POINT1" : 
	[
		565.81549072265625,
		565.0
	],
	"POINT2" : 
	[
		3039.14794921875,
		565.0
	],
	"POSITION" : 
	[
		565.81549072265625,
		565.0
	],
	"TYPE" : 12
}