{
	"MOVABLE" : 
	[
		3140.6240234375,
		25.0,
		0.0,
		0.0
	],
	"NAME" : "11980",
	"POSITION" : 
	[
		237.29046630859375,
		1105.0
	],
	"TIME" : 2.0,
	"TYPE" : 10
}