{
	"NAME" : "14853",
	"POINT1" : 
	[
		1055.103271484375,
		565.0
	],
	"POINT2" : 
	[
		2771.77001953125,
		565.0
	],
	"POSITION" : 
	[
		1055.103271484375,
		565.0
	],
	"TYPE" : 13
}