{
	"NAME" : "19025",
	"POINT1" : 
	[
		3083.957275390625,
		25.0
	],
	"POINT2" : 
	[
		3740.623779296875,
		25.0
	],
	"POSITION" : 
	[
		3083.957275390625,
		25.0
	],
	"TYPE" : 13
}