{
	"NAME" : "19401",
	"POINT1" : 
	[
		1121.3331298828125,
		565.0
	],
	"POINT2" : 
	[
		1761.3331298828125,
		565.0
	],
	"POSITION" : 
	[
		1121.3331298828125,
		565.0
	],
	"TYPE" : 13
}