{
	"NAME" : "2205",
	"POINT1" : 
	[
		2099.757568359375,
		25.0
	],
	"POINT2" : 
	[
		2606.142578125,
		25.0
	],
	"POSITION" : 
	[
		2099.757568359375,
		25.0
	],
	"TYPE" : 13
}