{
	"NAME" : "31921",
	"POINT1" : 
	[
		3377.29052734375,
		25.0
	],
	"POINT2" : 
	[
		3750.623779296875,
		25.0
	],
	"POSITION" : 
	[
		3377.29052734375,
		25.0
	],
	"TYPE" : 13
}