{
	"NAME" : "43548",
	"POINT1" : 
	[
		1357.9998779296875,
		565.0
	],
	"POINT2" : 
	[
		2651.333251953125,
		565.0
	],
	"POSITION" : 
	[
		1357.9998779296875,
		565.0
	],
	"TYPE" : 13
}