{
	"NAME" : "46633",
	"POSITION" : 
	[
		434.4765625,
		2.0
	],
	"TYPE" : 3,
	"XSIZE" : 2006.666015625
}