{
	"NAME" : "53880",
	"POINT1" : 
	[
		2275.103515625,
		25.0
	],
	"POINT2" : 
	[
		2755.103515625,
		25.0
	],
	"POSITION" : 
	[
		2275.103515625,
		25.0
	],
	"TYPE" : 13
}