{
	"NAME" : "60203",
	"POINT1" : 
	[
		2011.495361328125,
		1105.0
	],
	"POINT2" : 
	[
		3669.824462890625,
		1105.0
	],
	"POSITION" : 
	[
		2011.495361328125,
		1105.0
	],
	"TYPE" : 13
}