{
	"NAME" : "62752",
	"POINT1" : 
	[
		2272.908447265625,
		25.0
	],
	"POINT2" : 
	[
		2547.336669921875,
		25.0
	],
	"POSITION" : 
	[
		2272.908447265625,
		25.0
	],
	"TYPE" : 13
}