{
	"MOVABLE" : 
	[
		350.225830078125,
		1105.0,
		0.0,
		0.0
	],
	"NAME" : "64706",
	"POSITION" : 
	[
		797.3519287109375,
		1105.0
	],
	"TIME" : 2.5,
	"TYPE" : 10
}