{
	"NAME" : "67212",
	"POINT1" : 
	[
		3450.6240234375,
		25.0
	],
	"POINT2" : 
	[
		3753.957275390625,
		25.0
	],
	"POSITION" : 
	[
		3450.6240234375,
		25.0
	],
	"TYPE" : 12
}