{
	"NAME" : "78773",
	"POINT1" : 
	[
		3123.957275390625,
		25.0
	],
	"POINT2" : 
	[
		3390.623779296875,
		25.0
	],
	"POSITION" : 
	[
		3123.957275390625,
		25.0
	],
	"TYPE" : 13
}