{
	"NAME" : "84028",
	"POINT1" : 
	[
		2588.436767578125,
		565.0
	],
	"POINT2" : 
	[
		2701.770263671875,
		25.0
	],
	"POSITION" : 
	[
		2588.436767578125,
		565.0
	],
	"TYPE" : 13
}