{
	"NAME" : "94559",
	"POINT1" : 
	[
		3140.6240234375,
		25.0
	],
	"POINT2" : 
	[
		3763.957275390625,
		25.0
	],
	"POSITION" : 
	[
		3140.6240234375,
		25.0
	],
	"TYPE" : 13
}