{
	"MOVABLE" : 
	[
		2827.31005859375,
		1080.0,
		0.0,
		0.0
	],
	"NAME" : "10498",
	"POSITION" : 
	[
		3903.9765625,
		1080.0
	],
	"TIME" : 4.0,
	"TYPE" : 10
}