{
	"NAME" : "31602",
	"POINT1" : 
	[
		4507.3095703125,
		25.0
	],
	"POINT2" : 
	[
		3037.31005859375,
		25.0
	],
	"POSITION" : 
	[
		4507.3095703125,
		25.0
	],
	"TYPE" : 13
}