{
	"MOVABLE" : 
	[
		2827.31005859375,
		3777.309814453125,
		475.0,
		1.0
	],
	"NAME" : "43353",
	"POSITION" : 
	[
		2827.31005859375,
		1080.0
	],
	"TIME" : 3.5,
	"TYPE" : 10
}