{
	"MOVABLE" : 
	[
		2097.310302734375,
		565.0,
		0.0,
		0.0
	],
	"NAME" : "44531",
	"POSITION" : 
	[
		2477.31005859375,
		1080.0
	],
	"TIME" : 2.0,
	"TYPE" : 10
}