{
	"MOVABLE" : 
	[
		2097.310302734375,
		565.0,
		0.0,
		0.0
	],
	"NAME" : "51166",
	"POSITION" : 
	[
		3327.309814453125,
		1080.0
	],
	"TIME" : 7.0,
	"TYPE" : 10
}