{
	"NAME" : "54247",
	"POINT1" : 
	[
		1764.009765625,
		565.0
	],
	"POINT2" : 
	[
		164.01022338867188,
		565.0
	],
	"POSITION" : 
	[
		1764.009765625,
		565.0
	],
	"TYPE" : 13
}