{
	"NAME" : "56798",
	"POINT1" : 
	[
		684.01007080078125,
		565.0
	],
	"POINT2" : 
	[
		1714.009765625,
		565.0
	],
	"POSITION" : 
	[
		684.01007080078125,
		565.0
	],
	"TYPE" : 13
}