{
	"MOVABLE" : 
	[
		2272.77392578125,
		2160.0,
		0.0,
		0.0
	],
	"NAME" : "63529",
	"POSITION" : 
	[
		3022.773681640625,
		2160.0
	],
	"TIME" : 9.0,
	"TYPE" : 10
}