{
	"NAME" : "72009",
	"POINT1" : 
	[
		1357.3106689453125,
		25.0
	],
	"POINT2" : 
	[
		380.64422607421875,
		25.0
	],
	"POSITION" : 
	[
		1357.3106689453125,
		25.0
	],
	"TYPE" : 12
}