{
	"NAME" : "76541",
	"POINT1" : 
	[
		2659.68408203125,
		1645.0
	],
	"POINT2" : 
	[
		4033.01708984375,
		1645.0
	],
	"POSITION" : 
	[
		2659.68408203125,
		1645.0
	],
	"TYPE" : 13
}