{
	"MOVABLE" : 
	[
		2272.77392578125,
		3316.10693359375,
		385.0,
		1.0
	],
	"NAME" : "76665",
	"POSITION" : 
	[
		2272.77392578125,
		2160.0
	],
	"TIME" : 4.0,
	"TYPE" : 10
}