{
	"NAME" : "79029",
	"POINT1" : 
	[
		2759.6845703125,
		1645.0
	],
	"POINT2" : 
	[
		4136.3505859375,
		1645.0
	],
	"POSITION" : 
	[
		2759.6845703125,
		1645.0
	],
	"TYPE" : 13
}