{
	"NAME" : "82764",
	"POINT1" : 
	[
		4553.0166015625,
		1645.0
	],
	"POINT2" : 
	[
		2316.350830078125,
		1645.0
	],
	"POSITION" : 
	[
		4553.0166015625,
		1645.0
	],
	"TYPE" : 13
}