{
	"MOVABLE" : 
	[
		1339.44091796875,
		3356.10693359375,
		578.0,
		1.0
	],
	"NAME" : "84449",
	"POSITION" : 
	[
		1339.44091796875,
		2160.0
	],
	"TIME" : 10.0,
	"TYPE" : 10
}