{
	"MOVABLE" : 
	[
		2272.77392578125,
		2160.0,
		0.0,
		0.0
	],
	"NAME" : "91341",
	"POSITION" : 
	[
		2469.440673828125,
		2160.0
	],
	"TIME" : 4.0,
	"TYPE" : 10
}