{
	"NAME" : "10635",
	"POINT1" : 
	[
		1403.4715576171875,
		25.0
	],
	"POINT2" : 
	[
		2700.137939453125,
		25.0
	],
	"POSITION" : 
	[
		1403.4715576171875,
		25.0
	],
	"TYPE" : 13
}