{
	"NAME" : "12837",
	"POINT1" : 
	[
		2630.137939453125,
		565.0
	],
	"POINT2" : 
	[
		2183.471435546875,
		565.0
	],
	"POSITION" : 
	[
		2630.137939453125,
		565.0
	],
	"TYPE" : 13
}