{
	"NAME" : "30968",
	"POINT1" : 
	[
		3230.1376953125,
		25.0
	],
	"POINT2" : 
	[
		1780.13818359375,
		25.0
	],
	"POSITION" : 
	[
		3230.1376953125,
		25.0
	],
	"TYPE" : 13
}