{
	"NAME" : "35712",
	"POINT1" : 
	[
		1263.4715576171875,
		25.0
	],
	"POINT2" : 
	[
		3333.470947265625,
		25.0
	],
	"POSITION" : 
	[
		1263.4715576171875,
		25.0
	],
	"TYPE" : 13
}