{
	"NAME" : "40091",
	"POINT1" : 
	[
		2140.13818359375,
		1105.0
	],
	"POINT2" : 
	[
		3200.137939453125,
		1105.0
	],
	"POSITION" : 
	[
		2140.13818359375,
		1105.0
	],
	"TYPE" : 12
}