{
	"NAME" : "58832",
	"POINT1" : 
	[
		3346.804443359375,
		1105.0
	],
	"POINT2" : 
	[
		3060.137939453125,
		1105.0
	],
	"POSITION" : 
	[
		3346.804443359375,
		1105.0
	],
	"TYPE" : 13
}