{
	"NAME" : "78548",
	"POINT1" : 
	[
		2283.471435546875,
		1105.0
	],
	"POINT2" : 
	[
		3083.47119140625,
		1105.0
	],
	"POSITION" : 
	[
		2283.471435546875,
		1105.0
	],
	"TYPE" : 13
}