{
	"NAME" : "79004",
	"POINT1" : 
	[
		3396.804443359375,
		1105.0
	],
	"POINT2" : 
	[
		1463.4718017578125,
		1105.0
	],
	"POSITION" : 
	[
		3396.804443359375,
		1105.0
	],
	"TYPE" : 13
}