{
	"NAME" : "87986",
	"POINT1" : 
	[
		2526.8046875,
		1105.0
	],
	"POINT2" : 
	[
		3143.47119140625,
		1105.0
	],
	"POSITION" : 
	[
		2526.8046875,
		1105.0
	],
	"TYPE" : 13
}