{
	"NAME" : "88359",
	"POINT1" : 
	[
		2736.8046875,
		565.0
	],
	"POINT2" : 
	[
		1366.8050537109375,
		565.0
	],
	"POSITION" : 
	[
		2736.8046875,
		565.0
	],
	"TYPE" : 13
}