{
	"NAME" : "99608",
	"POINT1" : 
	[
		1600.1383056640625,
		565.0
	],
	"POINT2" : 
	[
		2973.47119140625,
		565.0
	],
	"POSITION" : 
	[
		1600.1383056640625,
		565.0
	],
	"TYPE" : 13
}