{
	"NAME" : "21328",
	"POINT1" : 
	[
		3115.721435546875,
		1645.0
	],
	"POINT2" : 
	[
		4705.72119140625,
		1645.0
	],
	"POSITION" : 
	[
		3115.721435546875,
		1645.0
	],
	"TYPE" : 13
}