{
	"NAME" : "27135",
	"POINT1" : 
	[
		4145.2724609375,
		565.0
	],
	"POINT2" : 
	[
		3121.93896484375,
		565.0
	],
	"POSITION" : 
	[
		4145.2724609375,
		565.0
	],
	"TYPE" : 12
}