{
	"MOVABLE" : 
	[
		2043.6239013671875,
		25.0,
		275.0,
		0.0
	],
	"NAME" : "29368",
	"POSITION" : 
	[
		3093.5576171875,
		0.0
	],
	"TIME" : 3.0,
	"TYPE" : 10
}