{
	"MOVABLE" : 
	[
		3002.38818359375,
		4615.72119140625,
		137.0,
		1.0
	],
	"NAME" : "30286",
	"POSITION" : 
	[
		3002.38818359375,
		1080.0
	],
	"TIME" : 10.0,
	"TYPE" : 10
}