{
	"MOVABLE" : 
	[
		2043.6239013671875,
		25.0,
		275.0,
		0.0
	],
	"NAME" : "38040",
	"POSITION" : 
	[
		3516.890869140625,
		0.0
	],
	"TIME" : 3.0,
	"TYPE" : 10
}