{
	"MOVABLE" : 
	[
		3349.054931640625,
		4015.72119140625,
		789.0,
		1.0
	],
	"NAME" : "42932",
	"POSITION" : 
	[
		3349.054931640625,
		1080.0
	],
	"TIME" : 5.0,
	"TYPE" : 10
}