{
	"NAME" : "46017",
	"POINT1" : 
	[
		1676.941650390625,
		565.0
	],
	"POINT2" : 
	[
		1230.275146484375,
		565.0
	],
	"POSITION" : 
	[
		1676.941650390625,
		565.0
	],
	"TYPE" : 13
}