{
	"NAME" : "46807",
	"POINT1" : 
	[
		1113.6083984375,
		565.0
	],
	"POINT2" : 
	[
		1576.941650390625,
		565.0
	],
	"POSITION" : 
	[
		1113.6083984375,
		565.0
	],
	"TYPE" : 13
}