{
	"NAME" : "54305",
	"POINT1" : 
	[
		4562.3876953125,
		1645.0
	],
	"POINT2" : 
	[
		3645.72119140625,
		1645.0
	],
	"POSITION" : 
	[
		4562.3876953125,
		1645.0
	],
	"TYPE" : 13
}