{
	"MOVABLE" : 
	[
		1113.6083984375,
		565.0,
		0.0,
		0.0
	],
	"NAME" : "6450",
	"POSITION" : 
	[
		1573.8077392578125,
		1080.0
	],
	"TIME" : 2.0,
	"TYPE" : 10
}