{
	"NAME" : "7117",
	"POINT1" : 
	[
		2662.38818359375,
		1645.0
	],
	"POINT2" : 
	[
		2159.05517578125,
		1645.0
	],
	"POSITION" : 
	[
		2662.38818359375,
		1645.0
	],
	"TYPE" : 13
}