{
	"MOVABLE" : 
	[
		1079.055419921875,
		1645.0,
		0.0,
		0.0
	],
	"NAME" : "7517",
	"POSITION" : 
	[
		1592.3885498046875,
		1620.0
	],
	"TIME" : 2.0,
	"TYPE" : 10
}