{
	"NAME" : "22231",
	"POINT1" : 
	[
		1806.8475341796875,
		1105.0
	],
	"POINT2" : 
	[
		1830.3475341796875,
		1105.0
	],
	"POSITION" : 
	[
		1806.8475341796875,
		1105.0
	],
	"TYPE" : 13
}