{
	"NAME" : "25319",
	"POINT1" : 
	[
		1467.4029541015625,
		1105.0
	],
	"POINT2" : 
	[
		1835.5697021484375,
		1105.0
	],
	"POSITION" : 
	[
		1467.4029541015625,
		1105.0
	],
	"TYPE" : 13
}