{
	"NAME" : "33487",
	"POINT1" : 
	[
		1198.4583740234375,
		25.0
	],
	"POINT2" : 
	[
		1566.625244140625,
		25.0
	],
	"POSITION" : 
	[
		1198.4583740234375,
		25.0
	],
	"TYPE" : 13
}