{
	"NAME" : "35398",
	"POINT1" : 
	[
		1289.8472900390625,
		25.0
	],
	"POINT2" : 
	[
		1780.7364501953125,
		25.0
	],
	"POSITION" : 
	[
		1289.8472900390625,
		25.0
	],
	"TYPE" : 13
}