{
	"NAME" : "10777",
	"POINT1" : 
	[
		1525.632568359375,
		25.0
	],
	"POINT2" : 
	[
		2695.632080078125,
		25.0
	],
	"POSITION" : 
	[
		1525.632568359375,
		25.0
	],
	"TYPE" : 13
}