{
	"NAME" : "14198",
	"POINT1" : 
	[
		818.9661865234375,
		565.0
	],
	"POINT2" : 
	[
		1772.29931640625,
		565.0
	],
	"POSITION" : 
	[
		818.9661865234375,
		565.0
	],
	"TYPE" : 13
}