{
	"NAME" : "145",
	"POINT1" : 
	[
		1288.9659423828125,
		25.0
	],
	"POINT2" : 
	[
		2428.965576171875,
		25.0
	],
	"POSITION" : 
	[
		1288.9659423828125,
		25.0
	],
	"TYPE" : 13
}