{
	"NAME" : "24620",
	"POINT1" : 
	[
		2432.555419921875,
		1105.0
	],
	"POINT2" : 
	[
		1139.222412109375,
		1105.0
	],
	"POSITION" : 
	[
		2432.555419921875,
		1105.0
	],
	"TYPE" : 13
}