{
	"NAME" : "45621",
	"POINT1" : 
	[
		1275.888916015625,
		1105.0
	],
	"POINT2" : 
	[
		2015.888671875,
		1105.0
	],
	"POSITION" : 
	[
		1275.888916015625,
		1105.0
	],
	"TYPE" : 13
}