{
	"NAME" : "59724",
	"POINT1" : 
	[
		218.9664306640625,
		565.0
	],
	"POINT2" : 
	[
		1632.29931640625,
		565.0
	],
	"POSITION" : 
	[
		218.9664306640625,
		565.0
	],
	"TYPE" : 13
}