{
	"NAME" : "8181",
	"POINT1" : 
	[
		1462.29931640625,
		565.0
	],
	"POINT2" : 
	[
		508.96630859375,
		565.0
	],
	"POSITION" : 
	[
		1462.29931640625,
		565.0
	],
	"TYPE" : 13
}