{
	"NAME" : "87904",
	"POINT1" : 
	[
		1408.966064453125,
		25.0
	],
	"POINT2" : 
	[
		2562.299072265625,
		25.0
	],
	"POSITION" : 
	[
		1408.966064453125,
		25.0
	],
	"TYPE" : 13
}