{
	"NAME" : "98954",
	"POINT1" : 
	[
		812.5557861328125,
		1105.0
	],
	"POINT2" : 
	[
		2609.221923828125,
		1105.0
	],
	"POSITION" : 
	[
		812.5557861328125,
		1105.0
	],
	"TYPE" : 13
}