{
	"NAME" : "13884",
	"POINT1" : 
	[
		5718.46826171875,
		25.0
	],
	"POINT2" : 
	[
		6505.134765625,
		25.0
	],
	"POSITION" : 
	[
		5718.46826171875,
		25.0
	],
	"TYPE" : 13
}