{
	"NAME" : "19053",
	"POINT1" : 
	[
		4011.80224609375,
		25.0
	],
	"POINT2" : 
	[
		4598.46875,
		25.0
	],
	"POSITION" : 
	[
		4011.80224609375,
		25.0
	],
	"TYPE" : 13
}