{
	"NAME" : "3631",
	"POINT1" : 
	[
		3088.46923828125,
		25.0
	],
	"POINT2" : 
	[
		3738.468994140625,
		25.0
	],
	"POSITION" : 
	[
		3088.46923828125,
		25.0
	],
	"TYPE" : 13
}