{
	"NAME" : "36663",
	"POINT1" : 
	[
		6885.134765625,
		25.0
	],
	"POINT2" : 
	[
		7201.8017578125,
		25.0
	],
	"POSITION" : 
	[
		6885.134765625,
		25.0
	],
	"TYPE" : 13
}