{
	"NAME" : "52399",
	"POINT1" : 
	[
		1111.8031005859375,
		25.0
	],
	"POINT2" : 
	[
		1658.4696044921875,
		25.0
	],
	"POSITION" : 
	[
		1111.8031005859375,
		25.0
	],
	"TYPE" : 13
}