{
	"NAME" : "61627",
	"POINT1" : 
	[
		4971.8017578125,
		25.0
	],
	"POINT2" : 
	[
		5511.8017578125,
		25.0
	],
	"POSITION" : 
	[
		4971.8017578125,
		25.0
	],
	"TYPE" : 13
}