{
	"NAME" : "67930",
	"POINT1" : 
	[
		2035.13623046875,
		25.0
	],
	"POINT2" : 
	[
		2645.135986328125,
		25.0
	],
	"POSITION" : 
	[
		2035.13623046875,
		25.0
	],
	"TYPE" : 13
}