{
	"NAME" : "1971",
	"POINT1" : 
	[
		2073.660888671875,
		565.0
	],
	"POINT2" : 
	[
		3729.637939453125,
		565.0
	],
	"POSITION" : 
	[
		2073.660888671875,
		565.0
	],
	"TYPE" : 12
}