{
	"MOVABLE" : 
	[
		1340.91943359375,
		25.0,
		620.0,
		0.0
	],
	"NAME" : "28821",
	"POSITION" : 
	[
		1757.5860595703125,
		25.0
	],
	"TIME" : 3.0,
	"TYPE" : 10
}