{
	"NAME" : "31949",
	"POINT1" : 
	[
		1383.2506103515625,
		2185.0
	],
	"POINT2" : 
	[
		2429.917236328125,
		2185.0
	],
	"POSITION" : 
	[
		1383.2506103515625,
		2185.0
	],
	"TYPE" : 13
}