{
	"MOVABLE" : 
	[
		1478.0185546875,
		1645.0,
		620.0,
		0.0
	],
	"NAME" : "32924",
	"POSITION" : 
	[
		3448.588623046875,
		25.0
	],
	"TIME" : 1.0,
	"TYPE" : 10
}