{
	"NAME" : "37547",
	"POINT1" : 
	[
		2738.0185546875,
		1645.0
	],
	"POINT2" : 
	[
		1404.6851806640625,
		1645.0
	],
	"POSITION" : 
	[
		2738.0185546875,
		1645.0
	],
	"TYPE" : 13
}