{
	"NAME" : "39015",
	"POINT1" : 
	[
		394.68508911132812,
		565.0
	],
	"POINT2" : 
	[
		1614.6851806640625,
		565.0
	],
	"POSITION" : 
	[
		394.68508911132812,
		565.0
	],
	"TYPE" : 13
}