{
	"NAME" : "40452",
	"POINT1" : 
	[
		3316.583984375,
		2185.0
	],
	"POINT2" : 
	[
		1509.9173583984375,
		2185.0
	],
	"POSITION" : 
	[
		3316.583984375,
		2185.0
	],
	"TYPE" : 13
}