{
	"NAME" : "52990",
	"POINT1" : 
	[
		3672.4072265625,
		1105.0
	],
	"POINT2" : 
	[
		2128.74951171875,
		1105.0
	],
	"POSITION" : 
	[
		3672.4072265625,
		1105.0
	],
	"TYPE" : 12
}