{
	"NAME" : "56901",
	"POINT1" : 
	[
		3419.91748046875,
		1645.0
	],
	"POINT2" : 
	[
		4629.91748046875,
		1645.0
	],
	"POSITION" : 
	[
		3419.91748046875,
		1645.0
	],
	"TYPE" : 13
}