{
	"NAME" : "58819",
	"POINT1" : 
	[
		2724.45458984375,
		1105.0
	],
	"POINT2" : 
	[
		2743.8603515625,
		565.0
	],
	"POSITION" : 
	[
		2724.45458984375,
		1105.0
	],
	"TYPE" : 13
}