{
	"NAME" : "64147",
	"POINT1" : 
	[
		1549.9173583984375,
		2185.0
	],
	"POINT2" : 
	[
		2969.91748046875,
		2185.0
	],
	"POSITION" : 
	[
		1549.9173583984375,
		2185.0
	],
	"TYPE" : 13
}