{
	"NAME" : "65744",
	"POINT1" : 
	[
		2988.976318359375,
		565.0
	],
	"POINT2" : 
	[
		4654.65625,
		565.0
	],
	"POSITION" : 
	[
		2988.976318359375,
		565.0
	],
	"TYPE" : 12
}