{
	"NAME" : "69834",
	"POINT1" : 
	[
		841.35186767578125,
		1645.0
	],
	"POINT2" : 
	[
		2184.685302734375,
		1645.0
	],
	"POSITION" : 
	[
		841.35186767578125,
		1645.0
	],
	"TYPE" : 13
}