{
	"NAME" : "76820",
	"POINT1" : 
	[
		2519.917236328125,
		2185.0
	],
	"POINT2" : 
	[
		3166.583984375,
		2185.0
	],
	"POSITION" : 
	[
		2519.917236328125,
		2185.0
	],
	"TYPE" : 13
}