{
	"NAME" : "78329",
	"POINT1" : 
	[
		1091.351806640625,
		1645.0
	],
	"POINT2" : 
	[
		2644.685302734375,
		1645.0
	],
	"POSITION" : 
	[
		1091.351806640625,
		1645.0
	],
	"TYPE" : 13
}