{
	"MOVABLE" : 
	[
		1340.91943359375,
		3530.91943359375,
		620.0,
		1.0
	],
	"NAME" : "86688",
	"POSITION" : 
	[
		1340.91943359375,
		25.0
	],
	"TIME" : 4.0,
	"TYPE" : 10
}