{
	"NAME" : "90350",
	"POINT1" : 
	[
		1478.0185546875,
		1645.0
	],
	"POINT2" : 
	[
		2368.0185546875,
		1645.0
	],
	"POSITION" : 
	[
		1478.0185546875,
		1645.0
	],
	"TYPE" : 13
}