{
	"MOVABLE" : 
	[
		1340.91943359375,
		25.0,
		620.0,
		0.0
	],
	"NAME" : "90753",
	"POSITION" : 
	[
		2564.2529296875,
		25.0
	],
	"TIME" : 7.0,
	"TYPE" : 10
}