{
	"NAME" : "D33Key",
	"POINT1" : 
	[
		2567.29345703125,
		1645.0
	],
	"POINT2" : 
	[
		4313.9599609375,
		1645.0
	],
	"POSITION" : 
	[
		2567.29345703125,
		1645.0
	],
	"TYPE" : 12
}