{
	"NAME" : "18744",
	"POINT1" : 
	[
		1344.8779296875,
		565.0
	],
	"POINT2" : 
	[
		1488.2113037109375,
		565.0
	],
	"POSITION" : 
	[
		1344.8779296875,
		565.0
	],
	"TYPE" : 13
}