{
	"NAME" : "21966",
	"POINT1" : 
	[
		2313.505859375,
		25.0
	],
	"POINT2" : 
	[
		3423.506103515625,
		25.0
	],
	"POSITION" : 
	[
		2313.505859375,
		25.0
	],
	"TYPE" : 13
}