{
	"MOVABLE" : 
	[
		280.07235717773438,
		565.0,
		0.0,
		0.0
	],
	"NAME" : "3597",
	"POSITION" : 
	[
		2480.91748046875,
		565.0
	],
	"TIME" : 5.0,
	"TYPE" : 10
}