{
	"NAME" : "37748",
	"POINT1" : 
	[
		2370.172607421875,
		25.0
	],
	"POINT2" : 
	[
		3306.83935546875,
		25.0
	],
	"POSITION" : 
	[
		2370.172607421875,
		25.0
	],
	"TYPE" : 13
}