{
	"MOVABLE" : 
	[
		280.07235717773438,
		565.0,
		0.0,
		0.0
	],
	"NAME" : "45558",
	"POSITION" : 
	[
		3574.2509765625,
		565.0
	],
	"TIME" : 2.0,
	"TYPE" : 10
}