{
	"NAME" : "47178",
	"POINT1" : 
	[
		1164.8779296875,
		565.0
	],
	"POINT2" : 
	[
		1524.8779296875,
		565.0
	],
	"POSITION" : 
	[
		1164.8779296875,
		565.0
	],
	"TYPE" : 12
}