{
	"NAME" : "47584",
	"POINT1" : 
	[
		2724.705810546875,
		1105.0
	],
	"POINT2" : 
	[
		1503.7056884765625,
		1105.0
	],
	"POSITION" : 
	[
		2724.705810546875,
		1105.0
	],
	"TYPE" : 13
}