{
	"NAME" : "50061",
	"POINT1" : 
	[
		3610.172607421875,
		25.0
	],
	"POINT2" : 
	[
		2700.172607421875,
		25.0
	],
	"POSITION" : 
	[
		3610.172607421875,
		25.0
	],
	"TYPE" : 13
}