{
	"NAME" : "53687",
	"POINT1" : 
	[
		1348.2113037109375,
		565.0
	],
	"POINT2" : 
	[
		1681.5445556640625,
		565.0
	],
	"POSITION" : 
	[
		1348.2113037109375,
		565.0
	],
	"TYPE" : 12
}