{
	"NAME" : "54472",
	"POINT1" : 
	[
		1592.8057861328125,
		1105.0
	],
	"POINT2" : 
	[
		2599.3056640625,
		1105.0
	],
	"POSITION" : 
	[
		1592.8057861328125,
		1105.0
	],
	"TYPE" : 13
}