{
	"NAME" : "62496",
	"POINT1" : 
	[
		1262.8057861328125,
		1105.0
	],
	"POINT2" : 
	[
		2582.8056640625,
		1105.0
	],
	"POSITION" : 
	[
		1262.8057861328125,
		1105.0
	],
	"TYPE" : 13
}