{
	"NAME" : "69337",
	"POINT1" : 
	[
		2213.505859375,
		25.0
	],
	"POINT2" : 
	[
		3500.172607421875,
		25.0
	],
	"POSITION" : 
	[
		2213.505859375,
		25.0
	],
	"TYPE" : 13
}