{
	"MOVABLE" : 
	[
		2687.584228515625,
		3914.2509765625,
		455.0,
		1.0
	],
	"NAME" : "78328",
	"POSITION" : 
	[
		2687.584228515625,
		565.0
	],
	"TIME" : 4.0,
	"TYPE" : 10
}