{
	"NAME" : "93507",
	"POINT1" : 
	[
		1388.2113037109375,
		565.0
	],
	"POINT2" : 
	[
		1398.2113037109375,
		565.0
	],
	"POSITION" : 
	[
		1388.2113037109375,
		565.0
	],
	"TYPE" : 12
}