{
	"NAME" : "20936",
	"POINT1" : 
	[
		2631.9931640625,
		25.0
	],
	"POINT2" : 
	[
		7341.9921875,
		25.0
	],
	"POSITION" : 
	[
		2631.9931640625,
		25.0
	],
	"TYPE" : 13
}