{
	"NAME" : "2918",
	"POINT1" : 
	[
		2658.66015625,
		25.0
	],
	"POINT2" : 
	[
		7445.326171875,
		25.0
	],
	"POSITION" : 
	[
		2658.66015625,
		25.0
	],
	"TYPE" : 13
}