{
	"NAME" : "31161",
	"POINT1" : 
	[
		1518.6600341796875,
		1645.0
	],
	"POINT2" : 
	[
		4261.99267578125,
		1645.0
	],
	"POSITION" : 
	[
		1518.6600341796875,
		1645.0
	],
	"TYPE" : 12
}