{
	"NAME" : "41508",
	"POINT1" : 
	[
		1801.993896484375,
		1105.0
	],
	"POINT2" : 
	[
		6381.9921875,
		1105.0
	],
	"POSITION" : 
	[
		1801.993896484375,
		1105.0
	],
	"TYPE" : 13
}