{
	"NAME" : "43052",
	"POINT1" : 
	[
		7541.9912109375,
		1645.0
	],
	"POINT2" : 
	[
		5125.32568359375,
		1645.0
	],
	"POSITION" : 
	[
		7541.9912109375,
		1645.0
	],
	"TYPE" : 12
}