{
	"NAME" : "45847",
	"POINT1" : 
	[
		7018.6591796875,
		565.0
	],
	"POINT2" : 
	[
		2478.66015625,
		565.0
	],
	"POSITION" : 
	[
		7018.6591796875,
		565.0
	],
	"TYPE" : 12
}