{
	"NAME" : "50033",
	"POINT1" : 
	[
		8381.9912109375,
		1105.0
	],
	"POINT2" : 
	[
		5385.326171875,
		1105.0
	],
	"POSITION" : 
	[
		8381.9912109375,
		1105.0
	],
	"TYPE" : 13
}