{
	"NAME" : "52430",
	"POINT1" : 
	[
		1255.327392578125,
		1105.0
	],
	"POINT2" : 
	[
		5995.326171875,
		1105.0
	],
	"POSITION" : 
	[
		1255.327392578125,
		1105.0
	],
	"TYPE" : 13
}