{
	"NAME" : "64790",
	"POINT1" : 
	[
		195.3275146484375,
		565.0
	],
	"POINT2" : 
	[
		6211.9931640625,
		565.0
	],
	"POSITION" : 
	[
		195.3275146484375,
		565.0
	],
	"TYPE" : 12
}