{
	"NAME" : "67262",
	"POINT1" : 
	[
		1431.994384765625,
		25.0
	],
	"POINT2" : 
	[
		5611.99267578125,
		25.0
	],
	"POSITION" : 
	[
		1431.994384765625,
		25.0
	],
	"TYPE" : 13
}