{
	"NAME" : "71521",
	"POINT1" : 
	[
		1265.3272705078125,
		565.0
	],
	"POINT2" : 
	[
		6458.6591796875,
		565.0
	],
	"POSITION" : 
	[
		1265.3272705078125,
		565.0
	],
	"TYPE" : 12
}