{
	"NAME" : "84593",
	"POINT1" : 
	[
		3161.992919921875,
		1645.0
	],
	"POINT2" : 
	[
		7241.9912109375,
		1645.0
	],
	"POSITION" : 
	[
		3161.992919921875,
		1645.0
	],
	"TYPE" : 12
}