{
	"NAME" : "90238",
	"POINT1" : 
	[
		7278.658203125,
		1645.0
	],
	"POINT2" : 
	[
		3478.6591796875,
		1645.0
	],
	"POSITION" : 
	[
		7278.658203125,
		1645.0
	],
	"TYPE" : 12
}