{
	"NAME" : "9293",
	"POINT1" : 
	[
		3341.993408203125,
		1105.0
	],
	"POINT2" : 
	[
		7321.9921875,
		1105.0
	],
	"POSITION" : 
	[
		3341.993408203125,
		1105.0
	],
	"TYPE" : 13
}