{
	"NAME" : "96623",
	"POINT1" : 
	[
		8128.6591796875,
		25.0
	],
	"POINT2" : 
	[
		4631.9931640625,
		25.0
	],
	"POSITION" : 
	[
		8128.6591796875,
		25.0
	],
	"TYPE" : 13
}