{
	"NAME" : "19935",
	"POINT1" : 
	[
		2760.29052734375,
		25.0
	],
	"POINT2" : 
	[
		2233.6240234375,
		25.0
	],
	"POSITION" : 
	[
		2760.29052734375,
		25.0
	],
	"TYPE" : 13
}