{
	"NAME" : "25155",
	"POINT1" : 
	[
		2579.865234375,
		1105.0
	],
	"POINT2" : 
	[
		1353.198974609375,
		1105.0
	],
	"POSITION" : 
	[
		2579.865234375,
		1105.0
	],
	"TYPE" : 13
}