{
	"NAME" : "33864",
	"POINT1" : 
	[
		2739.865234375,
		1105.0
	],
	"POINT2" : 
	[
		1729.865478515625,
		1105.0
	],
	"POSITION" : 
	[
		2739.865234375,
		1105.0
	],
	"TYPE" : 13
}