{
	"NAME" : "39033",
	"POINT1" : 
	[
		1606.5322265625,
		1105.0
	],
	"POINT2" : 
	[
		2646.531982421875,
		1105.0
	],
	"POSITION" : 
	[
		1606.5322265625,
		1105.0
	],
	"TYPE" : 13
}