{
	"NAME" : "42441",
	"POSITION" : 
	[
		413.19927978515625,
		2.0
	],
	"TYPE" : 3,
	"XSIZE" : 2989.9990234375
}