{
	"MOVABLE" : 
	[
		1038.25439453125,
		1828.254150390625,
		589.0,
		1.0
	],
	"NAME" : "59748",
	"POSITION" : 
	[
		1038.25439453125,
		540.0
	],
	"TIME" : 4.5,
	"TYPE" : 10
}