{
	"MOVABLE" : 
	[
		607.9833984375,
		565.0,
		0.0,
		0.0
	],
	"NAME" : "75848",
	"POSITION" : 
	[
		1408.2542724609375,
		540.0
	],
	"TIME" : 2.0,
	"TYPE" : 10
}