{
	"NAME" : "81379",
	"POINT1" : 
	[
		2056.95703125,
		25.0
	],
	"POINT2" : 
	[
		2710.29052734375,
		25.0
	],
	"POSITION" : 
	[
		2056.95703125,
		25.0
	],
	"TYPE" : 13
}