{
	"NAME" : "84235",
	"POINT1" : 
	[
		2043.6239013671875,
		25.0
	],
	"POINT2" : 
	[
		2750.29052734375,
		25.0
	],
	"POSITION" : 
	[
		2043.6239013671875,
		25.0
	],
	"TYPE" : 13
}