{
	"NAME" : "93917",
	"POINT1" : 
	[
		1073.1990966796875,
		1105.0
	],
	"POINT2" : 
	[
		2523.198486328125,
		1105.0
	],
	"POSITION" : 
	[
		1073.1990966796875,
		1105.0
	],
	"TYPE" : 13
}