{
	"NAME" : "17644",
	"POINT1" : 
	[
		2312.27880859375,
		25.0
	],
	"POINT2" : 
	[
		3918.945068359375,
		25.0
	],
	"POSITION" : 
	[
		2312.27880859375,
		25.0
	],
	"TYPE" : 13
}