{
	"MOVABLE" : 
	[
		4088.94482421875,
		25.0,
		0.0,
		0.0
	],
	"NAME" : "24801",
	"POSITION" : 
	[
		3538.945068359375,
		540.0
	],
	"TIME" : 3.4560000896453857,
	"TYPE" : 10
}