{
	"NAME" : "25567",
	"POSITION" : 
	[
		462.27923583984375,
		2.0
	],
	"TYPE" : 3,
	"XSIZE" : 1903.332763671875
}