{
	"MOVABLE" : 
	[
		1615.6123046875,
		3232.2783203125,
		772.0,
		-1.0
	],
	"NAME" : "26658",
	"POSITION" : 
	[
		3232.2783203125,
		540.0
	],
	"TIME" : 5.7249999046325684,
	"TYPE" : 10
}