{
	"MOVABLE" : 
	[
		4088.94482421875,
		25.0,
		0.0,
		0.0
	],
	"NAME" : "31641",
	"POSITION" : 
	[
		2478.9453125,
		540.0
	],
	"TIME" : 3.4000000953674316,
	"TYPE" : 10
}