{
	"NAME" : "36944",
	"POINT1" : 
	[
		2373.1005859375,
		1645.0
	],
	"POINT2" : 
	[
		3939.76611328125,
		1645.0
	],
	"POSITION" : 
	[
		2373.1005859375,
		1645.0
	],
	"TYPE" : 13
}