{
	"NAME" : "49648",
	"POINT1" : 
	[
		2412.279296875,
		1645.0
	],
	"POINT2" : 
	[
		3612.27880859375,
		1645.0
	],
	"POSITION" : 
	[
		2412.279296875,
		1645.0
	],
	"TYPE" : 13
}