{
	"NAME" : "53180",
	"POINT1" : 
	[
		3038.381103515625,
		2185.0
	],
	"POINT2" : 
	[
		2298.38134765625,
		2185.0
	],
	"POSITION" : 
	[
		3038.381103515625,
		2185.0
	],
	"TYPE" : 13
}