{
	"NAME" : "55785",
	"POINT1" : 
	[
		2142.27880859375,
		1105.0
	],
	"POINT2" : 
	[
		3558.945068359375,
		1105.0
	],
	"POSITION" : 
	[
		2142.27880859375,
		1105.0
	],
	"TYPE" : 13
}