{
	"NAME" : "62229",
	"POINT1" : 
	[
		2212.27880859375,
		25.0
	],
	"POINT2" : 
	[
		3612.2783203125,
		25.0
	],
	"POSITION" : 
	[
		2212.27880859375,
		25.0
	],
	"TYPE" : 13
}