{
	"NAME" : "73736",
	"POINT1" : 
	[
		3618.94482421875,
		1105.0
	],
	"POINT2" : 
	[
		2565.61181640625,
		1105.0
	],
	"POSITION" : 
	[
		3618.94482421875,
		1105.0
	],
	"TYPE" : 13
}