{
	"NAME" : "73847",
	"POINT1" : 
	[
		3258.945068359375,
		1105.0
	],
	"POINT2" : 
	[
		2725.612060546875,
		1105.0
	],
	"POSITION" : 
	[
		3258.945068359375,
		1105.0
	],
	"TYPE" : 13
}