{
	"NAME" : "78786",
	"POINT1" : 
	[
		4028.945068359375,
		25.0
	],
	"POINT2" : 
	[
		3248.9453125,
		25.0
	],
	"POSITION" : 
	[
		4028.945068359375,
		25.0
	],
	"TYPE" : 13
}