{
	"NAME" : "856",
	"POINT1" : 
	[
		3251.71435546875,
		2185.0
	],
	"POINT2" : 
	[
		2288.38134765625,
		2185.0
	],
	"POSITION" : 
	[
		3251.71435546875,
		2185.0
	],
	"TYPE" : 13
}