{
	"NAME" : "86139",
	"POINT1" : 
	[
		2055.0478515625,
		2185.0
	],
	"POINT2" : 
	[
		3148.381103515625,
		2185.0
	],
	"POSITION" : 
	[
		2055.0478515625,
		2185.0
	],
	"TYPE" : 13
}