{
	"NAME" : "87770",
	"POINT1" : 
	[
		2115.61279296875,
		1645.0
	],
	"POINT2" : 
	[
		3045.61279296875,
		1645.0
	],
	"POSITION" : 
	[
		2115.61279296875,
		1645.0
	],
	"TYPE" : 12
}