{
	"MOVABLE" : 
	[
		4088.94482421875,
		25.0,
		0.0,
		0.0
	],
	"NAME" : "88154",
	"POSITION" : 
	[
		1275.6124267578125,
		540.0
	],
	"TIME" : 7.0,
	"TYPE" : 10
}