{
	"NAME" : "94185",
	"POINT1" : 
	[
		3699.76611328125,
		1645.0
	],
	"POINT2" : 
	[
		2286.43310546875,
		1645.0
	],
	"POSITION" : 
	[
		3699.76611328125,
		1645.0
	],
	"TYPE" : 13
}