{
	"NAME" : "25578",
	"POINT1" : 
	[
		6921.6796875,
		565.0
	],
	"POINT2" : 
	[
		5658.3466796875,
		565.0
	],
	"POSITION" : 
	[
		6921.6796875,
		565.0
	],
	"TYPE" : 13
}