{
	"NAME" : "30480",
	"POINT1" : 
	[
		3038.346923828125,
		1105.0
	],
	"POINT2" : 
	[
		4305.01318359375,
		1105.0
	],
	"POSITION" : 
	[
		3038.346923828125,
		1105.0
	],
	"TYPE" : 13
}