{
	"NAME" : "51636",
	"POINT1" : 
	[
		2575.013671875,
		565.0
	],
	"POINT2" : 
	[
		3105.013671875,
		565.0
	],
	"POSITION" : 
	[
		2575.013671875,
		565.0
	],
	"TYPE" : 13
}