{
	"NAME" : "54172",
	"POINT1" : 
	[
		5411.7958984375,
		1105.0
	],
	"POINT2" : 
	[
		6388.46240234375,
		1105.0
	],
	"POSITION" : 
	[
		5411.7958984375,
		1105.0
	],
	"TYPE" : 12
}