{
	"MOVABLE" : 
	[
		2345.85205078125,
		0.0,
		0.0,
		0.0
	],
	"NAME" : "61872",
	"POSITION" : 
	[
		2512.41015625,
		1080.0
	],
	"TIME" : 3.0,
	"TYPE" : 10
}