{
	"NAME" : "6452",
	"POINT1" : 
	[
		4181.6796875,
		565.0
	],
	"POINT2" : 
	[
		5451.6796875,
		565.0
	],
	"POSITION" : 
	[
		4181.6796875,
		565.0
	],
	"TYPE" : 13
}