{
	"NAME" : "67508",
	"POINT1" : 
	[
		1281.680908203125,
		565.0
	],
	"POINT2" : 
	[
		1485.01416015625,
		565.0
	],
	"POSITION" : 
	[
		1281.680908203125,
		565.0
	],
	"TYPE" : 13
}