{
	"NAME" : "76358",
	"POINT1" : 
	[
		6528.3466796875,
		565.0
	],
	"POINT2" : 
	[
		5991.6796875,
		565.0
	],
	"POSITION" : 
	[
		6528.3466796875,
		565.0
	],
	"TYPE" : 13
}