{
	"NAME" : "79473",
	"POINT1" : 
	[
		2481.680419921875,
		565.0
	],
	"POINT2" : 
	[
		1621.680908203125,
		565.0
	],
	"POSITION" : 
	[
		2481.680419921875,
		565.0
	],
	"TYPE" : 13
}