{
	"NAME" : "8151",
	"POINT1" : 
	[
		4405.13232421875,
		25.0
	],
	"POINT2" : 
	[
		7221.7978515625,
		25.0
	],
	"POSITION" : 
	[
		4405.13232421875,
		25.0
	],
	"TYPE" : 12
}