{
	"NAME" : "83906",
	"POINT1" : 
	[
		2955.013671875,
		565.0
	],
	"POINT2" : 
	[
		3265.013427734375,
		565.0
	],
	"POSITION" : 
	[
		2955.013671875,
		565.0
	],
	"TYPE" : 13
}