{
	"MOVABLE" : 
	[
		2345.85205078125,
		4082.518310546875,
		600.0,
		1.0
	],
	"NAME" : "84569",
	"POSITION" : 
	[
		2345.85205078125,
		0.0
	],
	"TIME" : 2.0,
	"TYPE" : 10
}