{
	"NAME" : "84927",
	"POINT1" : 
	[
		2251.6806640625,
		565.0
	],
	"POINT2" : 
	[
		2001.6806640625,
		565.0
	],
	"POSITION" : 
	[
		2251.6806640625,
		565.0
	],
	"TYPE" : 13
}