{
	"NAME" : "94758",
	"POINT1" : 
	[
		7181.796875,
		1105.0
	],
	"POINT2" : 
	[
		8045.1298828125,
		1105.0
	],
	"POSITION" : 
	[
		7181.796875,
		1105.0
	],
	"TYPE" : 12
}