{
	"NAME" : "94843",
	"POINT1" : 
	[
		825.014404296875,
		565.0
	],
	"POINT2" : 
	[
		2958.346923828125,
		565.0
	],
	"POSITION" : 
	[
		825.014404296875,
		565.0
	],
	"TYPE" : 13
}