{
	"NAME" : "95048",
	"POINT1" : 
	[
		8885.0126953125,
		565.0
	],
	"POINT2" : 
	[
		4321.68017578125,
		565.0
	],
	"POSITION" : 
	[
		8885.0126953125,
		565.0
	],
	"TYPE" : 13
}