{
	"NAME" : "96608",
	"POINT1" : 
	[
		6378.3466796875,
		565.0
	],
	"POINT2" : 
	[
		6458.3466796875,
		565.0
	],
	"POSITION" : 
	[
		6378.3466796875,
		565.0
	],
	"TYPE" : 13
}